feature,drift_type,baseline_missing_rate,batch_missing_rate,absolute_difference,threshold,drift_flag,baseline_mean,batch_mean,baseline_std,std_multiplier,status,baseline_median,batch_median,baseline_p90,batch_p90,batch_date
Age,missingness,0.0,0.0,0.0,0.2,False,,,,,,,,,,2026-05-08
Number of sexual partners,missingness,0.028333333333333332,0.0,0.028333333333333332,0.2,False,,,,,,,,,,2026-05-08
First sexual intercourse,missingness,0.006666666666666667,0.0,0.006666666666666667,0.2,False,,,,,,,,,,2026-05-08
Num of pregnancies,missingness,0.06166666666666667,0.0,0.06166666666666667,0.2,False,,,,,,,,,,2026-05-08
Smokes,missingness,0.02,0.0,0.02,0.2,False,,,,,,,,,,2026-05-08
Smokes (years),missingness,0.02,0.0,0.02,0.2,False,,,,,,,,,,2026-05-08
Smokes (packs/year),missingness,0.02,0.0,0.02,0.2,False,,,,,,,,,,2026-05-08
Hormonal Contraceptives,missingness,0.145,0.0,0.145,0.2,False,,,,,,,,,,2026-05-08
Hormonal Contraceptives (years),missingness,0.145,0.0,0.145,0.2,False,,,,,,,,,,2026-05-08
IUD,missingness,0.15333333333333332,0.05263157894736842,0.1007017543859649,0.2,False,,,,,,,,,,2026-05-08
IUD (years),missingness,0.15333333333333332,0.05263157894736842,0.1007017543859649,0.2,False,,,,,,,,,,2026-05-08
STDs,missingness,0.13833333333333334,0.0,0.13833333333333334,0.2,False,,,,,,,,,,2026-05-08
STDs (number),missingness,0.13833333333333334,0.0,0.13833333333333334,0.2,False,,,,,,,,,,2026-05-08
STDs:condylomatosis,missingness,0.13833333333333334,0.0,0.13833333333333334,0.2,False,,,,,,,,,,2026-05-08
STDs:cervical condylomatosis,missingness,0.13833333333333334,0.0,0.13833333333333334,0.2,False,,,,,,,,,,2026-05-08
STDs:vaginal condylomatosis,missingness,0.13833333333333334,0.0,0.13833333333333334,0.2,False,,,,,,,,,,2026-05-08
STDs:vulvo-perineal condylomatosis,missingness,0.13833333333333334,0.0,0.13833333333333334,0.2,False,,,,,,,,,,2026-05-08
STDs:syphilis,missingness,0.13833333333333334,0.0,0.13833333333333334,0.2,False,,,,,,,,,,2026-05-08
STDs:pelvic inflammatory disease,missingness,0.13833333333333334,0.0,0.13833333333333334,0.2,False,,,,,,,,,,2026-05-08
STDs:genital herpes,missingness,0.13833333333333334,0.0,0.13833333333333334,0.2,False,,,,,,,,,,2026-05-08
STDs:molluscum contagiosum,missingness,0.13833333333333334,0.0,0.13833333333333334,0.2,False,,,,,,,,,,2026-05-08
STDs:AIDS,missingness,0.13833333333333334,0.0,0.13833333333333334,0.2,False,,,,,,,,,,2026-05-08
STDs:HIV,missingness,0.13833333333333334,0.0,0.13833333333333334,0.2,False,,,,,,,,,,2026-05-08
STDs:Hepatitis B,missingness,0.13833333333333334,0.0,0.13833333333333334,0.2,False,,,,,,,,,,2026-05-08
STDs:HPV,missingness,0.13833333333333334,0.0,0.13833333333333334,0.2,False,,,,,,,,,,2026-05-08
STDs: Number of diagnosis,missingness,0.0,0.0,0.0,0.2,False,,,,,,,,,,2026-05-08
STDs: Time since first diagnosis,missingness,0.9116666666666666,0.9473684210526315,0.0357017543859649,0.2,False,,,,,,,,,,2026-05-08
STDs: Time since last diagnosis,missingness,0.9116666666666666,0.9473684210526315,0.0357017543859649,0.2,False,,,,,,,,,,2026-05-08
Dx:Cancer,missingness,0.0,0.0,0.0,0.2,False,,,,,,,,,,2026-05-08
Dx:CIN,missingness,0.0,0.0,0.0,0.2,False,,,,,,,,,,2026-05-08
Dx:HPV,missingness,0.0,0.0,0.0,0.2,False,,,,,,,,,,2026-05-08
Dx,missingness,0.0,0.0,0.0,0.2,False,,,,,,,,,,2026-05-08
Age,numeric_mean_shift,,,1.2627192982456137,16.536893207325036,False,26.841666666666665,25.57894736842105,8.268446603662518,2.0,evaluated,,,,,2026-05-08
Number of sexual partners,numeric_mean_shift,,,0.5466281484156361,2.8426416589727617,False,2.4939965694682678,1.9473684210526316,1.4213208294863808,2.0,evaluated,,,,,2026-05-08
First sexual intercourse,numeric_mean_shift,,,0.49947015188979194,5.682685168240056,False,17.026845637583893,17.526315789473685,2.841342584120028,2.0,evaluated,,,,,2026-05-08
Num of pregnancies,numeric_mean_shift,,,0.18593998317285232,2.8898958042130354,False,2.2877442273534636,2.473684210526316,1.4449479021065177,2.0,evaluated,,,,,2026-05-08
Smokes (years),numeric_mean_shift,,,0.2251400691648766,8.348377098938085,False,1.277771648112245,1.0526315789473684,4.174188549469043,2.0,evaluated,,,,,2026-05-08
Smokes (packs/year),numeric_mean_shift,,,0.1063345331420516,5.168814372783842,False,0.5300187436683674,0.42368421052631583,2.584407186391921,2.0,evaluated,,,,,2026-05-08
Hormonal Contraceptives (years),numeric_mean_shift,,,0.3464565312300192,6.657269590848602,False,2.148561794387914,1.8021052631578949,3.328634795424301,2.0,evaluated,,,,,2026-05-08
IUD (years),numeric_mean_shift,,,0.40641294838145225,3.8999663494184356,False,0.5380314960629922,0.9444444444444444,1.9499831747092178,2.0,evaluated,,,,,2026-05-08
STDs (number),numeric_mean_shift,,,0.02779191692965491,1.1281255676643072,False,0.18568665377176016,0.15789473684210525,0.5640627838321536,2.0,evaluated,,,,,2026-05-08
STDs: Time since first diagnosis,numeric_mean_shift,,,0.2075471698113205,12.29357862754772,False,6.7924528301886795,7.0,6.14678931377386,2.0,evaluated,,,,,2026-05-08
STDs: Time since last diagnosis,numeric_mean_shift,,,0.5849056603773581,11.96426706915961,False,6.415094339622642,7.0,5.982133534579805,2.0,evaluated,,,,,2026-05-08
STDs: Number of diagnosis,numeric_mean_shift,,,0.04070175438596492,0.6264793288460052,False,0.09333333333333334,0.05263157894736842,0.3132396644230026,2.0,evaluated,,,,,2026-05-08
biopsy_positive_probability,prediction_score_shift,,,0.04579228682024872,0.4259344422100742,False,0.38458400504944135,0.43037629186969006,0.2129672211050371,2.0,evaluated,0.379600481873688,0.4060185232477316,0.654570413149166,0.5958030834509767,2026-05-08
Age,missingness,0.0,0.0,0.0,0.2,False,,,,,,,,,,2026-05-09
Number of sexual partners,missingness,0.028333333333333332,0.0,0.028333333333333332,0.2,False,,,,,,,,,,2026-05-09
First sexual intercourse,missingness,0.006666666666666667,0.0,0.006666666666666667,0.2,False,,,,,,,,,,2026-05-09
Num of pregnancies,missingness,0.06166666666666667,0.0,0.06166666666666667,0.2,False,,,,,,,,,,2026-05-09
Smokes,missingness,0.02,0.0,0.02,0.2,False,,,,,,,,,,2026-05-09
Smokes (years),missingness,0.02,0.0,0.02,0.2,False,,,,,,,,,,2026-05-09
Smokes (packs/year),missingness,0.02,0.0,0.02,0.2,False,,,,,,,,,,2026-05-09
Hormonal Contraceptives,missingness,0.145,0.05263157894736842,0.09236842105263157,0.2,False,,,,,,,,,,2026-05-09
Hormonal Contraceptives (years),missingness,0.145,0.05263157894736842,0.09236842105263157,0.2,False,,,,,,,,,,2026-05-09
IUD,missingness,0.15333333333333332,0.05263157894736842,0.1007017543859649,0.2,False,,,,,,,,,,2026-05-09
IUD (years),missingness,0.15333333333333332,0.05263157894736842,0.1007017543859649,0.2,False,,,,,,,,,,2026-05-09
STDs,missingness,0.13833333333333334,0.10526315789473684,0.0330701754385965,0.2,False,,,,,,,,,,2026-05-09
STDs (number),missingness,0.13833333333333334,0.10526315789473684,0.0330701754385965,0.2,False,,,,,,,,,,2026-05-09
STDs:condylomatosis,missingness,0.13833333333333334,0.10526315789473684,0.0330701754385965,0.2,False,,,,,,,,,,2026-05-09
STDs:cervical condylomatosis,missingness,0.13833333333333334,0.10526315789473684,0.0330701754385965,0.2,False,,,,,,,,,,2026-05-09
STDs:vaginal condylomatosis,missingness,0.13833333333333334,0.10526315789473684,0.0330701754385965,0.2,False,,,,,,,,,,2026-05-09
STDs:vulvo-perineal condylomatosis,missingness,0.13833333333333334,0.10526315789473684,0.0330701754385965,0.2,False,,,,,,,,,,2026-05-09
STDs:syphilis,missingness,0.13833333333333334,0.10526315789473684,0.0330701754385965,0.2,False,,,,,,,,,,2026-05-09
STDs:pelvic inflammatory disease,missingness,0.13833333333333334,0.10526315789473684,0.0330701754385965,0.2,False,,,,,,,,,,2026-05-09
STDs:genital herpes,missingness,0.13833333333333334,0.10526315789473684,0.0330701754385965,0.2,False,,,,,,,,,,2026-05-09
STDs:molluscum contagiosum,missingness,0.13833333333333334,0.10526315789473684,0.0330701754385965,0.2,False,,,,,,,,,,2026-05-09
STDs:AIDS,missingness,0.13833333333333334,0.10526315789473684,0.0330701754385965,0.2,False,,,,,,,,,,2026-05-09
STDs:HIV,missingness,0.13833333333333334,0.10526315789473684,0.0330701754385965,0.2,False,,,,,,,,,,2026-05-09
STDs:Hepatitis B,missingness,0.13833333333333334,0.10526315789473684,0.0330701754385965,0.2,False,,,,,,,,,,2026-05-09
STDs:HPV,missingness,0.13833333333333334,0.10526315789473684,0.0330701754385965,0.2,False,,,,,,,,,,2026-05-09
STDs: Number of diagnosis,missingness,0.0,0.0,0.0,0.2,False,,,,,,,,,,2026-05-09
STDs: Time since first diagnosis,missingness,0.9116666666666666,0.9473684210526315,0.0357017543859649,0.2,False,,,,,,,,,,2026-05-09
STDs: Time since last diagnosis,missingness,0.9116666666666666,0.9473684210526315,0.0357017543859649,0.2,False,,,,,,,,,,2026-05-09
Dx:Cancer,missingness,0.0,0.0,0.0,0.2,False,,,,,,,,,,2026-05-09
Dx:CIN,missingness,0.0,0.0,0.0,0.2,False,,,,,,,,,,2026-05-09
Dx:HPV,missingness,0.0,0.0,0.0,0.2,False,,,,,,,,,,2026-05-09
Dx,missingness,0.0,0.0,0.0,0.2,False,,,,,,,,,,2026-05-09
Age,numeric_mean_shift,,,1.1574561403508739,16.536893207325036,False,26.841666666666665,25.68421052631579,8.268446603662518,2.0,evaluated,,,,,2026-05-09
Number of sexual partners,numeric_mean_shift,,,0.29547711474225835,2.8426416589727617,False,2.4939965694682678,2.789473684210526,1.4213208294863808,2.0,evaluated,,,,,2026-05-09
First sexual intercourse,numeric_mean_shift,,,0.553161427057578,5.682685168240056,False,17.026845637583893,16.473684210526315,2.841342584120028,2.0,evaluated,,,,,2026-05-09
Num of pregnancies,numeric_mean_shift,,,0.5509021220903056,2.8898958042130354,False,2.2877442273534636,1.736842105263158,1.4449479021065177,2.0,evaluated,,,,,2026-05-09
Smokes (years),numeric_mean_shift,,,0.7748599308351236,8.348377098938085,False,1.277771648112245,2.0526315789473686,4.174188549469043,2.0,evaluated,,,,,2026-05-09
Smokes (packs/year),numeric_mean_shift,,,0.2962970458053168,5.168814372783842,False,0.5300187436683674,0.8263157894736842,2.584407186391921,2.0,evaluated,,,,,2026-05-09
Hormonal Contraceptives (years),numeric_mean_shift,,,0.3181048722787527,6.657269590848602,False,2.148561794387914,2.466666666666667,3.328634795424301,2.0,evaluated,,,,,2026-05-09
IUD (years),numeric_mean_shift,,,0.2602537182852144,3.8999663494184356,False,0.5380314960629922,0.2777777777777778,1.9499831747092178,2.0,evaluated,,,,,2026-05-09
STDs (number),numeric_mean_shift,,,0.12686312435999547,1.1281255676643072,False,0.18568665377176016,0.058823529411764705,0.5640627838321536,2.0,evaluated,,,,,2026-05-09
STDs: Time since first diagnosis,numeric_mean_shift,,,5.7924528301886795,12.29357862754772,False,6.7924528301886795,1.0,6.14678931377386,2.0,evaluated,,,,,2026-05-09
STDs: Time since last diagnosis,numeric_mean_shift,,,5.415094339622642,11.96426706915961,False,6.415094339622642,1.0,5.982133534579805,2.0,evaluated,,,,,2026-05-09
STDs: Number of diagnosis,numeric_mean_shift,,,0.04070175438596492,0.6264793288460052,False,0.09333333333333334,0.05263157894736842,0.3132396644230026,2.0,evaluated,,,,,2026-05-09
biopsy_positive_probability,prediction_score_shift,,,0.04924418120293189,0.4259344422100742,False,0.38458400504944135,0.43382818625237324,0.2129672211050371,2.0,evaluated,0.379600481873688,0.4060185232477316,0.654570413149166,0.610657851036346,2026-05-09
Age,missingness,0.0,0.0,0.0,0.2,False,,,,,,,,,,2026-05-10
Number of sexual partners,missingness,0.028333333333333332,0.05263157894736842,0.024298245614035086,0.2,False,,,,,,,,,,2026-05-10
First sexual intercourse,missingness,0.006666666666666667,0.0,0.006666666666666667,0.2,False,,,,,,,,,,2026-05-10
Num of pregnancies,missingness,0.06166666666666667,0.10526315789473684,0.04359649122807017,0.2,False,,,,,,,,,,2026-05-10
Smokes,missingness,0.02,0.0,0.02,0.2,False,,,,,,,,,,2026-05-10
Smokes (years),missingness,0.02,0.0,0.02,0.2,False,,,,,,,,,,2026-05-10
Smokes (packs/year),missingness,0.02,0.0,0.02,0.2,False,,,,,,,,,,2026-05-10
Hormonal Contraceptives,missingness,0.145,0.05263157894736842,0.09236842105263157,0.2,False,,,,,,,,,,2026-05-10
Hormonal Contraceptives (years),missingness,0.145,0.05263157894736842,0.09236842105263157,0.2,False,,,,,,,,,,2026-05-10
IUD,missingness,0.15333333333333332,0.10526315789473684,0.048070175438596485,0.2,False,,,,,,,,,,2026-05-10
IUD (years),missingness,0.15333333333333332,0.10526315789473684,0.048070175438596485,0.2,False,,,,,,,,,,2026-05-10
STDs,missingness,0.13833333333333334,0.05263157894736842,0.08570175438596492,0.2,False,,,,,,,,,,2026-05-10
STDs (number),missingness,0.13833333333333334,0.05263157894736842,0.08570175438596492,0.2,False,,,,,,,,,,2026-05-10
STDs:condylomatosis,missingness,0.13833333333333334,0.05263157894736842,0.08570175438596492,0.2,False,,,,,,,,,,2026-05-10
STDs:cervical condylomatosis,missingness,0.13833333333333334,0.05263157894736842,0.08570175438596492,0.2,False,,,,,,,,,,2026-05-10
STDs:vaginal condylomatosis,missingness,0.13833333333333334,0.05263157894736842,0.08570175438596492,0.2,False,,,,,,,,,,2026-05-10
STDs:vulvo-perineal condylomatosis,missingness,0.13833333333333334,0.05263157894736842,0.08570175438596492,0.2,False,,,,,,,,,,2026-05-10
STDs:syphilis,missingness,0.13833333333333334,0.05263157894736842,0.08570175438596492,0.2,False,,,,,,,,,,2026-05-10
STDs:pelvic inflammatory disease,missingness,0.13833333333333334,0.05263157894736842,0.08570175438596492,0.2,False,,,,,,,,,,2026-05-10
STDs:genital herpes,missingness,0.13833333333333334,0.05263157894736842,0.08570175438596492,0.2,False,,,,,,,,,,2026-05-10
STDs:molluscum contagiosum,missingness,0.13833333333333334,0.05263157894736842,0.08570175438596492,0.2,False,,,,,,,,,,2026-05-10
STDs:AIDS,missingness,0.13833333333333334,0.05263157894736842,0.08570175438596492,0.2,False,,,,,,,,,,2026-05-10
STDs:HIV,missingness,0.13833333333333334,0.05263157894736842,0.08570175438596492,0.2,False,,,,,,,,,,2026-05-10
STDs:Hepatitis B,missingness,0.13833333333333334,0.05263157894736842,0.08570175438596492,0.2,False,,,,,,,,,,2026-05-10
STDs:HPV,missingness,0.13833333333333334,0.05263157894736842,0.08570175438596492,0.2,False,,,,,,,,,,2026-05-10
STDs: Number of diagnosis,missingness,0.0,0.0,0.0,0.2,False,,,,,,,,,,2026-05-10
STDs: Time since first diagnosis,missingness,0.9116666666666666,0.9473684210526315,0.0357017543859649,0.2,False,,,,,,,,,,2026-05-10
STDs: Time since last diagnosis,missingness,0.9116666666666666,0.9473684210526315,0.0357017543859649,0.2,False,,,,,,,,,,2026-05-10
Dx:Cancer,missingness,0.0,0.0,0.0,0.2,False,,,,,,,,,,2026-05-10
Dx:CIN,missingness,0.0,0.0,0.0,0.2,False,,,,,,,,,,2026-05-10
Dx:HPV,missingness,0.0,0.0,0.0,0.2,False,,,,,,,,,,2026-05-10
Dx,missingness,0.0,0.0,0.0,0.2,False,,,,,,,,,,2026-05-10
Age,numeric_mean_shift,,,1.4741228070175438,16.536893207325036,False,26.841666666666665,28.31578947368421,8.268446603662518,2.0,evaluated,,,,,2026-05-10
Number of sexual partners,numeric_mean_shift,,,0.006003430531732246,2.8426416589727617,False,2.4939965694682678,2.5,1.4213208294863808,2.0,evaluated,,,,,2026-05-10
First sexual intercourse,numeric_mean_shift,,,0.34157541504768574,5.682685168240056,False,17.026845637583893,17.36842105263158,2.841342584120028,2.0,evaluated,,,,,2026-05-10
Num of pregnancies,numeric_mean_shift,,,0.3593145961759481,2.8898958042130354,False,2.2877442273534636,2.6470588235294117,1.4449479021065177,2.0,evaluated,,,,,2026-05-10
Smokes (years),numeric_mean_shift,,,1.195912562414071,8.348377098938085,False,1.277771648112245,2.473684210526316,4.174188549469043,2.0,evaluated,,,,,2026-05-10
Smokes (packs/year),numeric_mean_shift,,,0.07738716472099894,5.168814372783842,False,0.5300187436683674,0.4526315789473685,2.584407186391921,2.0,evaluated,,,,,2026-05-10
Hormonal Contraceptives (years),numeric_mean_shift,,,0.08199376116764112,6.657269590848602,False,2.148561794387914,2.230555555555555,3.328634795424301,2.0,evaluated,,,,,2026-05-10
IUD (years),numeric_mean_shift,,,0.5207920333487726,3.8999663494184356,False,0.5380314960629922,1.0588235294117647,1.9499831747092178,2.0,evaluated,,,,,2026-05-10
STDs (number),numeric_mean_shift,,,0.07457554266064906,1.1281255676643072,False,0.18568665377176016,0.1111111111111111,0.5640627838321536,2.0,evaluated,,,,,2026-05-10
STDs: Time since first diagnosis,numeric_mean_shift,,,4.7924528301886795,12.29357862754772,False,6.7924528301886795,2.0,6.14678931377386,2.0,evaluated,,,,,2026-05-10
STDs: Time since last diagnosis,numeric_mean_shift,,,4.415094339622642,11.96426706915961,False,6.415094339622642,2.0,5.982133534579805,2.0,evaluated,,,,,2026-05-10
STDs: Number of diagnosis,numeric_mean_shift,,,0.04070175438596492,0.6264793288460052,False,0.09333333333333334,0.05263157894736842,0.3132396644230026,2.0,evaluated,,,,,2026-05-10
biopsy_positive_probability,prediction_score_shift,,,0.025168571930877237,0.4259344422100742,False,0.38458400504944135,0.4097525769803186,0.2129672211050371,2.0,evaluated,0.379600481873688,0.4060185232477316,0.654570413149166,0.5958030834509767,2026-05-10
Age,missingness,0.0,0.0,0.0,0.2,False,,,,,,,,,,2026-05-11
Number of sexual partners,missingness,0.028333333333333332,0.05263157894736842,0.024298245614035086,0.2,False,,,,,,,,,,2026-05-11
First sexual intercourse,missingness,0.006666666666666667,0.0,0.006666666666666667,0.2,False,,,,,,,,,,2026-05-11
Num of pregnancies,missingness,0.06166666666666667,0.0,0.06166666666666667,0.2,False,,,,,,,,,,2026-05-11
Smokes,missingness,0.02,0.0,0.02,0.2,False,,,,,,,,,,2026-05-11
Smokes (years),missingness,0.02,0.0,0.02,0.2,False,,,,,,,,,,2026-05-11
Smokes (packs/year),missingness,0.02,0.0,0.02,0.2,False,,,,,,,,,,2026-05-11
Hormonal Contraceptives,missingness,0.145,0.0,0.145,0.2,False,,,,,,,,,,2026-05-11
Hormonal Contraceptives (years),missingness,0.145,0.0,0.145,0.2,False,,,,,,,,,,2026-05-11
IUD,missingness,0.15333333333333332,0.0,0.15333333333333332,0.2,False,,,,,,,,,,2026-05-11
IUD (years),missingness,0.15333333333333332,0.0,0.15333333333333332,0.2,False,,,,,,,,,,2026-05-11
STDs,missingness,0.13833333333333334,0.0,0.13833333333333334,0.2,False,,,,,,,,,,2026-05-11
STDs (number),missingness,0.13833333333333334,0.0,0.13833333333333334,0.2,False,,,,,,,,,,2026-05-11
STDs:condylomatosis,missingness,0.13833333333333334,0.0,0.13833333333333334,0.2,False,,,,,,,,,,2026-05-11
STDs:cervical condylomatosis,missingness,0.13833333333333334,0.0,0.13833333333333334,0.2,False,,,,,,,,,,2026-05-11
STDs:vaginal condylomatosis,missingness,0.13833333333333334,0.0,0.13833333333333334,0.2,False,,,,,,,,,,2026-05-11
STDs:vulvo-perineal condylomatosis,missingness,0.13833333333333334,0.0,0.13833333333333334,0.2,False,,,,,,,,,,2026-05-11
STDs:syphilis,missingness,0.13833333333333334,0.0,0.13833333333333334,0.2,False,,,,,,,,,,2026-05-11
STDs:pelvic inflammatory disease,missingness,0.13833333333333334,0.0,0.13833333333333334,0.2,False,,,,,,,,,,2026-05-11
STDs:genital herpes,missingness,0.13833333333333334,0.0,0.13833333333333334,0.2,False,,,,,,,,,,2026-05-11
STDs:molluscum contagiosum,missingness,0.13833333333333334,0.0,0.13833333333333334,0.2,False,,,,,,,,,,2026-05-11
STDs:AIDS,missingness,0.13833333333333334,0.0,0.13833333333333334,0.2,False,,,,,,,,,,2026-05-11
STDs:HIV,missingness,0.13833333333333334,0.0,0.13833333333333334,0.2,False,,,,,,,,,,2026-05-11
STDs:Hepatitis B,missingness,0.13833333333333334,0.0,0.13833333333333334,0.2,False,,,,,,,,,,2026-05-11
STDs:HPV,missingness,0.13833333333333334,0.0,0.13833333333333334,0.2,False,,,,,,,,,,2026-05-11
STDs: Number of diagnosis,missingness,0.0,0.0,0.0,0.2,False,,,,,,,,,,2026-05-11
STDs: Time since first diagnosis,missingness,0.9116666666666666,0.8947368421052632,0.01692982456140346,0.2,False,,,,,,,,,,2026-05-11
STDs: Time since last diagnosis,missingness,0.9116666666666666,0.8947368421052632,0.01692982456140346,0.2,False,,,,,,,,,,2026-05-11
Dx:Cancer,missingness,0.0,0.0,0.0,0.2,False,,,,,,,,,,2026-05-11
Dx:CIN,missingness,0.0,0.0,0.0,0.2,False,,,,,,,,,,2026-05-11
Dx:HPV,missingness,0.0,0.0,0.0,0.2,False,,,,,,,,,,2026-05-11
Dx,missingness,0.0,0.0,0.0,0.2,False,,,,,,,,,,2026-05-11
Age,numeric_mean_shift,,,3.8951754385964925,16.536893207325036,False,26.841666666666665,30.736842105263158,8.268446603662518,2.0,evaluated,,,,,2026-05-11
Number of sexual partners,numeric_mean_shift,,,0.16066323613493427,2.8426416589727617,False,2.4939965694682678,2.3333333333333335,1.4213208294863808,2.0,evaluated,,,,,2026-05-11
First sexual intercourse,numeric_mean_shift,,,1.5521017308371583,5.682685168240056,False,17.026845637583893,18.57894736842105,2.841342584120028,2.0,evaluated,,,,,2026-05-11
Num of pregnancies,numeric_mean_shift,,,0.13330840422548373,2.8898958042130354,False,2.2877442273534636,2.4210526315789473,1.4449479021065177,2.0,evaluated,,,,,2026-05-11
Smokes (years),numeric_mean_shift,,,0.6847730739543503,8.348377098938085,False,1.277771648112245,0.5929985741578947,4.174188549469043,2.0,evaluated,,,,,2026-05-11
Smokes (packs/year),numeric_mean_shift,,,0.37932389484205165,5.168814372783842,False,0.5300187436683674,0.15069484882631579,2.584407186391921,2.0,evaluated,,,,,2026-05-11
Hormonal Contraceptives (years),numeric_mean_shift,,,0.3332986364931776,6.657269590848602,False,2.148561794387914,1.8152631578947365,3.328634795424301,2.0,evaluated,,,,,2026-05-11
IUD (years),numeric_mean_shift,,,0.43565271446332365,3.8999663494184356,False,0.5380314960629922,0.9736842105263158,1.9499831747092178,2.0,evaluated,,,,,2026-05-11
STDs (number),numeric_mean_shift,,,0.02483966201771351,1.1281255676643072,False,0.18568665377176016,0.21052631578947367,0.5640627838321536,2.0,evaluated,,,,,2026-05-11
STDs: Time since first diagnosis,numeric_mean_shift,,,3.7924528301886795,12.29357862754772,False,6.7924528301886795,3.0,6.14678931377386,2.0,evaluated,,,,,2026-05-11
STDs: Time since last diagnosis,numeric_mean_shift,,,3.415094339622642,11.96426706915961,False,6.415094339622642,3.0,5.982133534579805,2.0,evaluated,,,,,2026-05-11
STDs: Number of diagnosis,numeric_mean_shift,,,0.011929824561403499,0.6264793288460052,False,0.09333333333333334,0.10526315789473684,0.3132396644230026,2.0,evaluated,,,,,2026-05-11
biopsy_positive_probability,prediction_score_shift,,,0.07678854763202325,0.4259344422100742,False,0.38458400504944135,0.4613725526814646,0.2129672211050371,2.0,evaluated,0.379600481873688,0.4060185232477316,0.654570413149166,0.610657851036346,2026-05-11
Age,missingness,0.0,0.0,0.0,0.2,False,,,,,,,,,,2026-05-12
Number of sexual partners,missingness,0.028333333333333332,0.0,0.028333333333333332,0.2,False,,,,,,,,,,2026-05-12
First sexual intercourse,missingness,0.006666666666666667,0.0,0.006666666666666667,0.2,False,,,,,,,,,,2026-05-12
Num of pregnancies,missingness,0.06166666666666667,0.21052631578947367,0.148859649122807,0.2,False,,,,,,,,,,2026-05-12
Smokes,missingness,0.02,0.0,0.02,0.2,False,,,,,,,,,,2026-05-12
Smokes (years),missingness,0.02,0.0,0.02,0.2,False,,,,,,,,,,2026-05-12
Smokes (packs/year),missingness,0.02,0.0,0.02,0.2,False,,,,,,,,,,2026-05-12
Hormonal Contraceptives,missingness,0.145,0.10526315789473684,0.039736842105263154,0.2,False,,,,,,,,,,2026-05-12
Hormonal Contraceptives (years),missingness,0.145,0.10526315789473684,0.039736842105263154,0.2,False,,,,,,,,,,2026-05-12
IUD,missingness,0.15333333333333332,0.10526315789473684,0.048070175438596485,0.2,False,,,,,,,,,,2026-05-12
IUD (years),missingness,0.15333333333333332,0.10526315789473684,0.048070175438596485,0.2,False,,,,,,,,,,2026-05-12
STDs,missingness,0.13833333333333334,0.10526315789473684,0.0330701754385965,0.2,False,,,,,,,,,,2026-05-12
STDs (number),missingness,0.13833333333333334,0.10526315789473684,0.0330701754385965,0.2,False,,,,,,,,,,2026-05-12
STDs:condylomatosis,missingness,0.13833333333333334,0.10526315789473684,0.0330701754385965,0.2,False,,,,,,,,,,2026-05-12
STDs:cervical condylomatosis,missingness,0.13833333333333334,0.10526315789473684,0.0330701754385965,0.2,False,,,,,,,,,,2026-05-12
STDs:vaginal condylomatosis,missingness,0.13833333333333334,0.10526315789473684,0.0330701754385965,0.2,False,,,,,,,,,,2026-05-12
STDs:vulvo-perineal condylomatosis,missingness,0.13833333333333334,0.10526315789473684,0.0330701754385965,0.2,False,,,,,,,,,,2026-05-12
STDs:syphilis,missingness,0.13833333333333334,0.10526315789473684,0.0330701754385965,0.2,False,,,,,,,,,,2026-05-12
STDs:pelvic inflammatory disease,missingness,0.13833333333333334,0.10526315789473684,0.0330701754385965,0.2,False,,,,,,,,,,2026-05-12
STDs:genital herpes,missingness,0.13833333333333334,0.10526315789473684,0.0330701754385965,0.2,False,,,,,,,,,,2026-05-12
STDs:molluscum contagiosum,missingness,0.13833333333333334,0.10526315789473684,0.0330701754385965,0.2,False,,,,,,,,,,2026-05-12
STDs:AIDS,missingness,0.13833333333333334,0.10526315789473684,0.0330701754385965,0.2,False,,,,,,,,,,2026-05-12
STDs:HIV,missingness,0.13833333333333334,0.10526315789473684,0.0330701754385965,0.2,False,,,,,,,,,,2026-05-12
STDs:Hepatitis B,missingness,0.13833333333333334,0.10526315789473684,0.0330701754385965,0.2,False,,,,,,,,,,2026-05-12
STDs:HPV,missingness,0.13833333333333334,0.10526315789473684,0.0330701754385965,0.2,False,,,,,,,,,,2026-05-12
STDs: Number of diagnosis,missingness,0.0,0.0,0.0,0.2,False,,,,,,,,,,2026-05-12
STDs: Time since first diagnosis,missingness,0.9116666666666666,1.0,0.08833333333333337,0.2,False,,,,,,,,,,2026-05-12
STDs: Time since last diagnosis,missingness,0.9116666666666666,1.0,0.08833333333333337,0.2,False,,,,,,,,,,2026-05-12
Dx:Cancer,missingness,0.0,0.0,0.0,0.2,False,,,,,,,,,,2026-05-12
Dx:CIN,missingness,0.0,0.0,0.0,0.2,False,,,,,,,,,,2026-05-12
Dx:HPV,missingness,0.0,0.0,0.0,0.2,False,,,,,,,,,,2026-05-12
Dx,missingness,0.0,0.0,0.0,0.2,False,,,,,,,,,,2026-05-12
Age,numeric_mean_shift,,,0.8942982456140349,16.536893207325036,False,26.841666666666665,25.94736842105263,8.268446603662518,2.0,evaluated,,,,,2026-05-12
Number of sexual partners,numeric_mean_shift,,,0.0849507989527849,2.8426416589727617,False,2.4939965694682678,2.5789473684210527,1.4213208294863808,2.0,evaluated,,,,,2026-05-12
First sexual intercourse,numeric_mean_shift,,,1.3952666902154718,5.682685168240056,False,17.026845637583893,15.631578947368421,2.841342584120028,2.0,evaluated,,,,,2026-05-12
Num of pregnancies,numeric_mean_shift,,,0.35441089402013026,2.8898958042130354,False,2.2877442273534636,1.9333333333333333,1.4449479021065177,2.0,evaluated,,,,,2026-05-12
Smokes (years),numeric_mean_shift,,,0.33040322705961345,8.348377098938085,False,1.277771648112245,0.9473684210526315,4.174188549469043,2.0,evaluated,,,,,2026-05-12
Smokes (packs/year),numeric_mean_shift,,,0.43985021063152535,5.168814372783842,False,0.5300187436683674,0.0901685330368421,2.584407186391921,2.0,evaluated,,,,,2026-05-12
Hormonal Contraceptives (years),numeric_mean_shift,,,0.5309147355643846,6.657269590848602,False,2.148561794387914,1.6176470588235294,3.328634795424301,2.0,evaluated,,,,,2026-05-12
IUD (years),numeric_mean_shift,,,0.013913849004168588,3.8999663494184356,False,0.5380314960629922,0.5241176470588236,1.9499831747092178,2.0,evaluated,,,,,2026-05-12
STDs (number),numeric_mean_shift,,,0.18568665377176016,1.1281255676643072,False,0.18568665377176016,0.0,0.5640627838321536,2.0,evaluated,,,,,2026-05-12
STDs: Time since first diagnosis,numeric_mean_shift,,,,,False,6.7924528301886795,,6.14678931377386,2.0,not_evaluated,,,,,2026-05-12
STDs: Time since last diagnosis,numeric_mean_shift,,,,,False,6.415094339622642,,5.982133534579805,2.0,not_evaluated,,,,,2026-05-12
STDs: Number of diagnosis,numeric_mean_shift,,,0.09333333333333334,0.6264793288460052,False,0.09333333333333334,0.0,0.3132396644230026,2.0,evaluated,,,,,2026-05-12
biopsy_positive_probability,prediction_score_shift,,,0.06109936876676719,0.4259344422100742,False,0.38458400504944135,0.44568337381620854,0.2129672211050371,2.0,evaluated,0.379600481873688,0.4060185232477316,0.654570413149166,0.6474676819272903,2026-05-12
Age,missingness,0.0,0.0,0.0,0.2,False,,,,,,,,,,2026-05-13
Number of sexual partners,missingness,0.028333333333333332,0.0,0.028333333333333332,0.2,False,,,,,,,,,,2026-05-13
First sexual intercourse,missingness,0.006666666666666667,0.0,0.006666666666666667,0.2,False,,,,,,,,,,2026-05-13
Num of pregnancies,missingness,0.06166666666666667,0.05263157894736842,0.00903508771929825,0.2,False,,,,,,,,,,2026-05-13
Smokes,missingness,0.02,0.0,0.02,0.2,False,,,,,,,,,,2026-05-13
Smokes (years),missingness,0.02,0.0,0.02,0.2,False,,,,,,,,,,2026-05-13
Smokes (packs/year),missingness,0.02,0.0,0.02,0.2,False,,,,,,,,,,2026-05-13
Hormonal Contraceptives,missingness,0.145,0.05263157894736842,0.09236842105263157,0.2,False,,,,,,,,,,2026-05-13
Hormonal Contraceptives (years),missingness,0.145,0.05263157894736842,0.09236842105263157,0.2,False,,,,,,,,,,2026-05-13
IUD,missingness,0.15333333333333332,0.10526315789473684,0.048070175438596485,0.2,False,,,,,,,,,,2026-05-13
IUD (years),missingness,0.15333333333333332,0.10526315789473684,0.048070175438596485,0.2,False,,,,,,,,,,2026-05-13
STDs,missingness,0.13833333333333334,0.10526315789473684,0.0330701754385965,0.2,False,,,,,,,,,,2026-05-13
STDs (number),missingness,0.13833333333333334,0.10526315789473684,0.0330701754385965,0.2,False,,,,,,,,,,2026-05-13
STDs:condylomatosis,missingness,0.13833333333333334,0.10526315789473684,0.0330701754385965,0.2,False,,,,,,,,,,2026-05-13
STDs:cervical condylomatosis,missingness,0.13833333333333334,0.10526315789473684,0.0330701754385965,0.2,False,,,,,,,,,,2026-05-13
STDs:vaginal condylomatosis,missingness,0.13833333333333334,0.10526315789473684,0.0330701754385965,0.2,False,,,,,,,,,,2026-05-13
STDs:vulvo-perineal condylomatosis,missingness,0.13833333333333334,0.10526315789473684,0.0330701754385965,0.2,False,,,,,,,,,,2026-05-13
STDs:syphilis,missingness,0.13833333333333334,0.10526315789473684,0.0330701754385965,0.2,False,,,,,,,,,,2026-05-13
STDs:pelvic inflammatory disease,missingness,0.13833333333333334,0.10526315789473684,0.0330701754385965,0.2,False,,,,,,,,,,2026-05-13
STDs:genital herpes,missingness,0.13833333333333334,0.10526315789473684,0.0330701754385965,0.2,False,,,,,,,,,,2026-05-13
STDs:molluscum contagiosum,missingness,0.13833333333333334,0.10526315789473684,0.0330701754385965,0.2,False,,,,,,,,,,2026-05-13
STDs:AIDS,missingness,0.13833333333333334,0.10526315789473684,0.0330701754385965,0.2,False,,,,,,,,,,2026-05-13
STDs:HIV,missingness,0.13833333333333334,0.10526315789473684,0.0330701754385965,0.2,False,,,,,,,,,,2026-05-13
STDs:Hepatitis B,missingness,0.13833333333333334,0.10526315789473684,0.0330701754385965,0.2,False,,,,,,,,,,2026-05-13
STDs:HPV,missingness,0.13833333333333334,0.10526315789473684,0.0330701754385965,0.2,False,,,,,,,,,,2026-05-13
STDs: Number of diagnosis,missingness,0.0,0.0,0.0,0.2,False,,,,,,,,,,2026-05-13
STDs: Time since first diagnosis,missingness,0.9116666666666666,0.9473684210526315,0.0357017543859649,0.2,False,,,,,,,,,,2026-05-13
STDs: Time since last diagnosis,missingness,0.9116666666666666,0.9473684210526315,0.0357017543859649,0.2,False,,,,,,,,,,2026-05-13
Dx:Cancer,missingness,0.0,0.0,0.0,0.2,False,,,,,,,,,,2026-05-13
Dx:CIN,missingness,0.0,0.0,0.0,0.2,False,,,,,,,,,,2026-05-13
Dx:HPV,missingness,0.0,0.0,0.0,0.2,False,,,,,,,,,,2026-05-13
Dx,missingness,0.0,0.0,0.0,0.2,False,,,,,,,,,,2026-05-13
Age,numeric_mean_shift,,,2.000438596491229,16.536893207325036,False,26.841666666666665,28.842105263157894,8.268446603662518,2.0,evaluated,,,,,2026-05-13
Number of sexual partners,numeric_mean_shift,,,0.2428455357948902,2.8426416589727617,False,2.4939965694682678,2.736842105263158,1.4213208294863808,2.0,evaluated,,,,,2026-05-13
First sexual intercourse,numeric_mean_shift,,,0.5005298481102081,5.682685168240056,False,17.026845637583893,16.526315789473685,2.841342584120028,2.0,evaluated,,,,,2026-05-13
Num of pregnancies,numeric_mean_shift,,,0.49003355042431407,2.8898958042130354,False,2.2877442273534636,2.7777777777777777,1.4449479021065177,2.0,evaluated,,,,,2026-05-13
Smokes (years),numeric_mean_shift,,,0.014613753375402938,8.348377098938085,False,1.277771648112245,1.263157894736842,4.174188549469043,2.0,evaluated,,,,,2026-05-13
Smokes (packs/year),numeric_mean_shift,,,0.5030081053683675,5.168814372783842,False,0.5300187436683674,0.027010638299999997,2.584407186391921,2.0,evaluated,,,,,2026-05-13
Hormonal Contraceptives (years),numeric_mean_shift,,,1.837549316723197,6.657269590848602,False,2.148561794387914,3.986111111111111,3.328634795424301,2.0,evaluated,,,,,2026-05-13
IUD (years),numeric_mean_shift,,,0.5039138490041686,3.8999663494184356,False,0.5380314960629922,0.03411764705882353,1.9499831747092178,2.0,evaluated,,,,,2026-05-13
STDs (number),numeric_mean_shift,,,0.12686312435999547,1.1281255676643072,False,0.18568665377176016,0.058823529411764705,0.5640627838321536,2.0,evaluated,,,,,2026-05-13
STDs: Time since first diagnosis,numeric_mean_shift,,,4.7924528301886795,12.29357862754772,False,6.7924528301886795,2.0,6.14678931377386,2.0,evaluated,,,,,2026-05-13
STDs: Time since last diagnosis,numeric_mean_shift,,,4.415094339622642,11.96426706915961,False,6.415094339622642,2.0,5.982133534579805,2.0,evaluated,,,,,2026-05-13
STDs: Number of diagnosis,numeric_mean_shift,,,0.04070175438596492,0.6264793288460052,False,0.09333333333333334,0.05263157894736842,0.3132396644230026,2.0,evaluated,,,,,2026-05-13
biopsy_positive_probability,prediction_score_shift,,,0.050416964204231474,0.4259344422100742,False,0.38458400504944135,0.4350009692536728,0.2129672211050371,2.0,evaluated,0.379600481873688,0.4060185232477316,0.654570413149166,0.6254554037846618,2026-05-13
Age,missingness,0.0,0.0,0.0,0.2,False,,,,,,,,,,2026-05-14
Number of sexual partners,missingness,0.028333333333333332,0.0,0.028333333333333332,0.2,False,,,,,,,,,,2026-05-14
First sexual intercourse,missingness,0.006666666666666667,0.0,0.006666666666666667,0.2,False,,,,,,,,,,2026-05-14
Num of pregnancies,missingness,0.06166666666666667,0.05555555555555555,0.006111111111111116,0.2,False,,,,,,,,,,2026-05-14
Smokes,missingness,0.02,0.0,0.02,0.2,False,,,,,,,,,,2026-05-14
Smokes (years),missingness,0.02,0.0,0.02,0.2,False,,,,,,,,,,2026-05-14
Smokes (packs/year),missingness,0.02,0.0,0.02,0.2,False,,,,,,,,,,2026-05-14
Hormonal Contraceptives,missingness,0.145,0.05555555555555555,0.08944444444444444,0.2,False,,,,,,,,,,2026-05-14
Hormonal Contraceptives (years),missingness,0.145,0.05555555555555555,0.08944444444444444,0.2,False,,,,,,,,,,2026-05-14
IUD,missingness,0.15333333333333332,0.05555555555555555,0.09777777777777777,0.2,False,,,,,,,,,,2026-05-14
IUD (years),missingness,0.15333333333333332,0.05555555555555555,0.09777777777777777,0.2,False,,,,,,,,,,2026-05-14
STDs,missingness,0.13833333333333334,0.05555555555555555,0.08277777777777778,0.2,False,,,,,,,,,,2026-05-14
STDs (number),missingness,0.13833333333333334,0.05555555555555555,0.08277777777777778,0.2,False,,,,,,,,,,2026-05-14
STDs:condylomatosis,missingness,0.13833333333333334,0.05555555555555555,0.08277777777777778,0.2,False,,,,,,,,,,2026-05-14
STDs:cervical condylomatosis,missingness,0.13833333333333334,0.05555555555555555,0.08277777777777778,0.2,False,,,,,,,,,,2026-05-14
STDs:vaginal condylomatosis,missingness,0.13833333333333334,0.05555555555555555,0.08277777777777778,0.2,False,,,,,,,,,,2026-05-14
STDs:vulvo-perineal condylomatosis,missingness,0.13833333333333334,0.05555555555555555,0.08277777777777778,0.2,False,,,,,,,,,,2026-05-14
STDs:syphilis,missingness,0.13833333333333334,0.05555555555555555,0.08277777777777778,0.2,False,,,,,,,,,,2026-05-14
STDs:pelvic inflammatory disease,missingness,0.13833333333333334,0.05555555555555555,0.08277777777777778,0.2,False,,,,,,,,,,2026-05-14
STDs:genital herpes,missingness,0.13833333333333334,0.05555555555555555,0.08277777777777778,0.2,False,,,,,,,,,,2026-05-14
STDs:molluscum contagiosum,missingness,0.13833333333333334,0.05555555555555555,0.08277777777777778,0.2,False,,,,,,,,,,2026-05-14
STDs:AIDS,missingness,0.13833333333333334,0.05555555555555555,0.08277777777777778,0.2,False,,,,,,,,,,2026-05-14
STDs:HIV,missingness,0.13833333333333334,0.05555555555555555,0.08277777777777778,0.2,False,,,,,,,,,,2026-05-14
STDs:Hepatitis B,missingness,0.13833333333333334,0.05555555555555555,0.08277777777777778,0.2,False,,,,,,,,,,2026-05-14
STDs:HPV,missingness,0.13833333333333334,0.05555555555555555,0.08277777777777778,0.2,False,,,,,,,,,,2026-05-14
STDs: Number of diagnosis,missingness,0.0,0.0,0.0,0.2,False,,,,,,,,,,2026-05-14
STDs: Time since first diagnosis,missingness,0.9116666666666666,1.0,0.08833333333333337,0.2,False,,,,,,,,,,2026-05-14
STDs: Time since last diagnosis,missingness,0.9116666666666666,1.0,0.08833333333333337,0.2,False,,,,,,,,,,2026-05-14
Dx:Cancer,missingness,0.0,0.0,0.0,0.2,False,,,,,,,,,,2026-05-14
Dx:CIN,missingness,0.0,0.0,0.0,0.2,False,,,,,,,,,,2026-05-14
Dx:HPV,missingness,0.0,0.0,0.0,0.2,False,,,,,,,,,,2026-05-14
Dx,missingness,0.0,0.0,0.0,0.2,False,,,,,,,,,,2026-05-14
Age,numeric_mean_shift,,,0.21388888888889213,16.536893207325036,False,26.841666666666665,27.055555555555557,8.268446603662518,2.0,evaluated,,,,,2026-05-14
Number of sexual partners,numeric_mean_shift,,,0.21621879169049008,2.8426416589727617,False,2.4939965694682678,2.2777777777777777,1.4213208294863808,2.0,evaluated,,,,,2026-05-14
First sexual intercourse,numeric_mean_shift,,,0.4712900820283359,5.682685168240056,False,17.026845637583893,16.555555555555557,2.841342584120028,2.0,evaluated,,,,,2026-05-14
Num of pregnancies,numeric_mean_shift,,,0.3593145961759481,2.8898958042130354,False,2.2877442273534636,2.6470588235294117,1.4449479021065177,2.0,evaluated,,,,,2026-05-14
Smokes (years),numeric_mean_shift,,,0.44445057410997735,8.348377098938085,False,1.277771648112245,1.7222222222222223,4.174188549469043,2.0,evaluated,,,,,2026-05-14
Smokes (packs/year),numeric_mean_shift,,,0.2966854103350341,5.168814372783842,False,0.5300187436683674,0.23333333333333334,2.584407186391921,2.0,evaluated,,,,,2026-05-14
Hormonal Contraceptives (years),numeric_mean_shift,,,0.903855912034973,6.657269590848602,False,2.148561794387914,1.244705882352941,3.328634795424301,2.0,evaluated,,,,,2026-05-14
IUD (years),numeric_mean_shift,,,0.5380314960629922,3.8999663494184356,False,0.5380314960629922,0.0,1.9499831747092178,2.0,evaluated,,,,,2026-05-14
STDs (number),numeric_mean_shift,,,0.18568665377176016,1.1281255676643072,False,0.18568665377176016,0.0,0.5640627838321536,2.0,evaluated,,,,,2026-05-14
STDs: Time since first diagnosis,numeric_mean_shift,,,,,False,6.7924528301886795,,6.14678931377386,2.0,not_evaluated,,,,,2026-05-14
STDs: Time since last diagnosis,numeric_mean_shift,,,,,False,6.415094339622642,,5.982133534579805,2.0,not_evaluated,,,,,2026-05-14
STDs: Number of diagnosis,numeric_mean_shift,,,0.09333333333333334,0.6264793288460052,False,0.09333333333333334,0.0,0.3132396644230026,2.0,evaluated,,,,,2026-05-14
biopsy_positive_probability,prediction_score_shift,,,0.024486399868924202,0.4259344422100742,False,0.38458400504944135,0.40907040491836555,0.2129672211050371,2.0,evaluated,0.379600481873688,0.4060185232477316,0.654570413149166,0.4060185232477316,2026-05-14
Age,missingness,0.0,0.0,0.0,0.2,False,,,,,,,,,,2026-05-15
Number of sexual partners,missingness,0.028333333333333332,0.0,0.028333333333333332,0.2,False,,,,,,,,,,2026-05-15
First sexual intercourse,missingness,0.006666666666666667,0.0,0.006666666666666667,0.2,False,,,,,,,,,,2026-05-15
Num of pregnancies,missingness,0.06166666666666667,0.05555555555555555,0.006111111111111116,0.2,False,,,,,,,,,,2026-05-15
Smokes,missingness,0.02,0.0,0.02,0.2,False,,,,,,,,,,2026-05-15
Smokes (years),missingness,0.02,0.0,0.02,0.2,False,,,,,,,,,,2026-05-15
Smokes (packs/year),missingness,0.02,0.0,0.02,0.2,False,,,,,,,,,,2026-05-15
Hormonal Contraceptives,missingness,0.145,0.05555555555555555,0.08944444444444444,0.2,False,,,,,,,,,,2026-05-15
Hormonal Contraceptives (years),missingness,0.145,0.05555555555555555,0.08944444444444444,0.2,False,,,,,,,,,,2026-05-15
IUD,missingness,0.15333333333333332,0.05555555555555555,0.09777777777777777,0.2,False,,,,,,,,,,2026-05-15
IUD (years),missingness,0.15333333333333332,0.05555555555555555,0.09777777777777777,0.2,False,,,,,,,,,,2026-05-15
STDs,missingness,0.13833333333333334,0.05555555555555555,0.08277777777777778,0.2,False,,,,,,,,,,2026-05-15
STDs (number),missingness,0.13833333333333334,0.05555555555555555,0.08277777777777778,0.2,False,,,,,,,,,,2026-05-15
STDs:condylomatosis,missingness,0.13833333333333334,0.05555555555555555,0.08277777777777778,0.2,False,,,,,,,,,,2026-05-15
STDs:cervical condylomatosis,missingness,0.13833333333333334,0.05555555555555555,0.08277777777777778,0.2,False,,,,,,,,,,2026-05-15
STDs:vaginal condylomatosis,missingness,0.13833333333333334,0.05555555555555555,0.08277777777777778,0.2,False,,,,,,,,,,2026-05-15
STDs:vulvo-perineal condylomatosis,missingness,0.13833333333333334,0.05555555555555555,0.08277777777777778,0.2,False,,,,,,,,,,2026-05-15
STDs:syphilis,missingness,0.13833333333333334,0.05555555555555555,0.08277777777777778,0.2,False,,,,,,,,,,2026-05-15
STDs:pelvic inflammatory disease,missingness,0.13833333333333334,0.05555555555555555,0.08277777777777778,0.2,False,,,,,,,,,,2026-05-15
STDs:genital herpes,missingness,0.13833333333333334,0.05555555555555555,0.08277777777777778,0.2,False,,,,,,,,,,2026-05-15
STDs:molluscum contagiosum,missingness,0.13833333333333334,0.05555555555555555,0.08277777777777778,0.2,False,,,,,,,,,,2026-05-15
STDs:AIDS,missingness,0.13833333333333334,0.05555555555555555,0.08277777777777778,0.2,False,,,,,,,,,,2026-05-15
STDs:HIV,missingness,0.13833333333333334,0.05555555555555555,0.08277777777777778,0.2,False,,,,,,,,,,2026-05-15
STDs:Hepatitis B,missingness,0.13833333333333334,0.05555555555555555,0.08277777777777778,0.2,False,,,,,,,,,,2026-05-15
STDs:HPV,missingness,0.13833333333333334,0.05555555555555555,0.08277777777777778,0.2,False,,,,,,,,,,2026-05-15
STDs: Number of diagnosis,missingness,0.0,0.0,0.0,0.2,False,,,,,,,,,,2026-05-15
STDs: Time since first diagnosis,missingness,0.9116666666666666,0.8888888888888888,0.022777777777777786,0.2,False,,,,,,,,,,2026-05-15
STDs: Time since last diagnosis,missingness,0.9116666666666666,0.8888888888888888,0.022777777777777786,0.2,False,,,,,,,,,,2026-05-15
Dx:Cancer,missingness,0.0,0.0,0.0,0.2,False,,,,,,,,,,2026-05-15
Dx:CIN,missingness,0.0,0.0,0.0,0.2,False,,,,,,,,,,2026-05-15
Dx:HPV,missingness,0.0,0.0,0.0,0.2,False,,,,,,,,,,2026-05-15
Dx,missingness,0.0,0.0,0.0,0.2,False,,,,,,,,,,2026-05-15
Age,numeric_mean_shift,,,1.8805555555555564,16.536893207325036,False,26.841666666666665,28.72222222222222,8.268446603662518,2.0,evaluated,,,,,2026-05-15
Number of sexual partners,numeric_mean_shift,,,0.1171145416428434,2.8426416589727617,False,2.4939965694682678,2.611111111111111,1.4213208294863808,2.0,evaluated,,,,,2026-05-15
First sexual intercourse,numeric_mean_shift,,,0.08240119313945016,5.682685168240056,False,17.026845637583893,16.944444444444443,2.841342584120028,2.0,evaluated,,,,,2026-05-15
Num of pregnancies,numeric_mean_shift,,,0.0651969491171247,2.8898958042130354,False,2.2877442273534636,2.3529411764705883,1.4449479021065177,2.0,evaluated,,,,,2026-05-15
Smokes (years),numeric_mean_shift,,,1.151828708723356,8.348377098938085,False,1.277771648112245,0.12594293938888887,4.174188549469043,2.0,evaluated,,,,,2026-05-15
Smokes (packs/year),numeric_mean_shift,,,0.49039640324058964,5.168814372783842,False,0.5300187436683674,0.03962234042777778,2.584407186391921,2.0,evaluated,,,,,2026-05-15
Hormonal Contraceptives (years),numeric_mean_shift,,,2.1202617350238504,6.657269590848602,False,2.148561794387914,4.2688235294117645,3.328634795424301,2.0,evaluated,,,,,2026-05-15
IUD (years),numeric_mean_shift,,,0.12156090782769802,3.8999663494184356,False,0.5380314960629922,0.41647058823529415,1.9499831747092178,2.0,evaluated,,,,,2026-05-15
STDs (number),numeric_mean_shift,,,0.10843099328706338,1.1281255676643072,False,0.18568665377176016,0.29411764705882354,0.5640627838321536,2.0,evaluated,,,,,2026-05-15
STDs: Time since first diagnosis,numeric_mean_shift,,,4.2075471698113205,12.29357862754772,False,6.7924528301886795,11.0,6.14678931377386,2.0,evaluated,,,,,2026-05-15
STDs: Time since last diagnosis,numeric_mean_shift,,,4.584905660377358,11.96426706915961,False,6.415094339622642,11.0,5.982133534579805,2.0,evaluated,,,,,2026-05-15
STDs: Number of diagnosis,numeric_mean_shift,,,0.017777777777777767,0.6264793288460052,False,0.09333333333333334,0.1111111111111111,0.3132396644230026,2.0,evaluated,,,,,2026-05-15
biopsy_positive_probability,prediction_score_shift,,,0.037897874325113545,0.4259344422100742,False,0.38458400504944135,0.4224818793745549,0.2129672211050371,2.0,evaluated,0.379600481873688,0.4060185232477316,0.654570413149166,0.5958030834509767,2026-05-15
Age,missingness,0.0,0.0,0.0,0.2,False,,,,,,,,,,2026-05-16
Number of sexual partners,missingness,0.028333333333333332,0.1111111111111111,0.08277777777777777,0.2,False,,,,,,,,,,2026-05-16
First sexual intercourse,missingness,0.006666666666666667,0.05555555555555555,0.048888888888888885,0.2,False,,,,,,,,,,2026-05-16
Num of pregnancies,missingness,0.06166666666666667,0.1111111111111111,0.04944444444444444,0.2,False,,,,,,,,,,2026-05-16
Smokes,missingness,0.02,0.0,0.02,0.2,False,,,,,,,,,,2026-05-16
Smokes (years),missingness,0.02,0.0,0.02,0.2,False,,,,,,,,,,2026-05-16
Smokes (packs/year),missingness,0.02,0.0,0.02,0.2,False,,,,,,,,,,2026-05-16
Hormonal Contraceptives,missingness,0.145,0.16666666666666666,0.021666666666666667,0.2,False,,,,,,,,,,2026-05-16
Hormonal Contraceptives (years),missingness,0.145,0.16666666666666666,0.021666666666666667,0.2,False,,,,,,,,,,2026-05-16
IUD,missingness,0.15333333333333332,0.2222222222222222,0.06888888888888889,0.2,False,,,,,,,,,,2026-05-16
IUD (years),missingness,0.15333333333333332,0.2222222222222222,0.06888888888888889,0.2,False,,,,,,,,,,2026-05-16
STDs,missingness,0.13833333333333334,0.2222222222222222,0.08388888888888887,0.2,False,,,,,,,,,,2026-05-16
STDs (number),missingness,0.13833333333333334,0.2222222222222222,0.08388888888888887,0.2,False,,,,,,,,,,2026-05-16
STDs:condylomatosis,missingness,0.13833333333333334,0.2222222222222222,0.08388888888888887,0.2,False,,,,,,,,,,2026-05-16
STDs:cervical condylomatosis,missingness,0.13833333333333334,0.2222222222222222,0.08388888888888887,0.2,False,,,,,,,,,,2026-05-16
STDs:vaginal condylomatosis,missingness,0.13833333333333334,0.2222222222222222,0.08388888888888887,0.2,False,,,,,,,,,,2026-05-16
STDs:vulvo-perineal condylomatosis,missingness,0.13833333333333334,0.2222222222222222,0.08388888888888887,0.2,False,,,,,,,,,,2026-05-16
STDs:syphilis,missingness,0.13833333333333334,0.2222222222222222,0.08388888888888887,0.2,False,,,,,,,,,,2026-05-16
STDs:pelvic inflammatory disease,missingness,0.13833333333333334,0.2222222222222222,0.08388888888888887,0.2,False,,,,,,,,,,2026-05-16
STDs:genital herpes,missingness,0.13833333333333334,0.2222222222222222,0.08388888888888887,0.2,False,,,,,,,,,,2026-05-16
STDs:molluscum contagiosum,missingness,0.13833333333333334,0.2222222222222222,0.08388888888888887,0.2,False,,,,,,,,,,2026-05-16
STDs:AIDS,missingness,0.13833333333333334,0.2222222222222222,0.08388888888888887,0.2,False,,,,,,,,,,2026-05-16
STDs:HIV,missingness,0.13833333333333334,0.2222222222222222,0.08388888888888887,0.2,False,,,,,,,,,,2026-05-16
STDs:Hepatitis B,missingness,0.13833333333333334,0.2222222222222222,0.08388888888888887,0.2,False,,,,,,,,,,2026-05-16
STDs:HPV,missingness,0.13833333333333334,0.2222222222222222,0.08388888888888887,0.2,False,,,,,,,,,,2026-05-16
STDs: Number of diagnosis,missingness,0.0,0.0,0.0,0.2,False,,,,,,,,,,2026-05-16
STDs: Time since first diagnosis,missingness,0.9116666666666666,0.9444444444444444,0.032777777777777795,0.2,False,,,,,,,,,,2026-05-16
STDs: Time since last diagnosis,missingness,0.9116666666666666,0.9444444444444444,0.032777777777777795,0.2,False,,,,,,,,,,2026-05-16
Dx:Cancer,missingness,0.0,0.0,0.0,0.2,False,,,,,,,,,,2026-05-16
Dx:CIN,missingness,0.0,0.0,0.0,0.2,False,,,,,,,,,,2026-05-16
Dx:HPV,missingness,0.0,0.0,0.0,0.2,False,,,,,,,,,,2026-05-16
Dx,missingness,0.0,0.0,0.0,0.2,False,,,,,,,,,,2026-05-16
Age,numeric_mean_shift,,,0.8972222222222221,16.536893207325036,False,26.841666666666665,25.944444444444443,8.268446603662518,2.0,evaluated,,,,,2026-05-16
Number of sexual partners,numeric_mean_shift,,,0.38100343053173225,2.8426416589727617,False,2.4939965694682678,2.875,1.4213208294863808,2.0,evaluated,,,,,2026-05-16
First sexual intercourse,numeric_mean_shift,,,0.9680221081721285,5.682685168240056,False,17.026845637583893,16.058823529411764,2.841342584120028,2.0,evaluated,,,,,2026-05-16
Num of pregnancies,numeric_mean_shift,,,0.2877442273534636,2.8898958042130354,False,2.2877442273534636,2.0,1.4449479021065177,2.0,evaluated,,,,,2026-05-16
Smokes (years),numeric_mean_shift,,,0.2222160925566894,8.348377098938085,False,1.277771648112245,1.0555555555555556,4.174188549469043,2.0,evaluated,,,,,2026-05-16
Smokes (packs/year),numeric_mean_shift,,,0.16057429922392297,5.168814372783842,False,0.5300187436683674,0.36944444444444446,2.584407186391921,2.0,evaluated,,,,,2026-05-16
Hormonal Contraceptives (years),numeric_mean_shift,,,4.018104872278753,6.657269590848602,False,2.148561794387914,6.166666666666667,3.328634795424301,2.0,evaluated,,,,,2026-05-16
IUD (years),numeric_mean_shift,,,0.4844600674915636,3.8999663494184356,False,0.5380314960629922,0.05357142857142857,1.9499831747092178,2.0,evaluated,,,,,2026-05-16
STDs (number),numeric_mean_shift,,,0.10002763194252554,1.1281255676643072,False,0.18568665377176016,0.2857142857142857,0.5640627838321536,2.0,evaluated,,,,,2026-05-16
STDs: Time since first diagnosis,numeric_mean_shift,,,3.7924528301886795,12.29357862754772,False,6.7924528301886795,3.0,6.14678931377386,2.0,evaluated,,,,,2026-05-16
STDs: Time since last diagnosis,numeric_mean_shift,,,3.415094339622642,11.96426706915961,False,6.415094339622642,3.0,5.982133534579805,2.0,evaluated,,,,,2026-05-16
STDs: Number of diagnosis,numeric_mean_shift,,,0.037777777777777785,0.6264793288460052,False,0.09333333333333334,0.05555555555555555,0.3132396644230026,2.0,evaluated,,,,,2026-05-16
biopsy_positive_probability,prediction_score_shift,,,0.010663514404628094,0.4259344422100742,False,0.38458400504944135,0.39524751945406944,0.2129672211050371,2.0,evaluated,0.379600481873688,0.4060185232477316,0.654570413149166,0.6180852348290308,2026-05-16
Age,missingness,0.0,0.0,0.0,0.2,False,,,,,,,,,,2026-05-17
Number of sexual partners,missingness,0.028333333333333332,0.05555555555555555,0.02722222222222222,0.2,False,,,,,,,,,,2026-05-17
First sexual intercourse,missingness,0.006666666666666667,0.05555555555555555,0.048888888888888885,0.2,False,,,,,,,,,,2026-05-17
Num of pregnancies,missingness,0.06166666666666667,0.05555555555555555,0.006111111111111116,0.2,False,,,,,,,,,,2026-05-17
Smokes,missingness,0.02,0.0,0.02,0.2,False,,,,,,,,,,2026-05-17
Smokes (years),missingness,0.02,0.0,0.02,0.2,False,,,,,,,,,,2026-05-17
Smokes (packs/year),missingness,0.02,0.0,0.02,0.2,False,,,,,,,,,,2026-05-17
Hormonal Contraceptives,missingness,0.145,0.05555555555555555,0.08944444444444444,0.2,False,,,,,,,,,,2026-05-17
Hormonal Contraceptives (years),missingness,0.145,0.05555555555555555,0.08944444444444444,0.2,False,,,,,,,,,,2026-05-17
IUD,missingness,0.15333333333333332,0.05555555555555555,0.09777777777777777,0.2,False,,,,,,,,,,2026-05-17
IUD (years),missingness,0.15333333333333332,0.05555555555555555,0.09777777777777777,0.2,False,,,,,,,,,,2026-05-17
STDs,missingness,0.13833333333333334,0.0,0.13833333333333334,0.2,False,,,,,,,,,,2026-05-17
STDs (number),missingness,0.13833333333333334,0.0,0.13833333333333334,0.2,False,,,,,,,,,,2026-05-17
STDs:condylomatosis,missingness,0.13833333333333334,0.0,0.13833333333333334,0.2,False,,,,,,,,,,2026-05-17
STDs:cervical condylomatosis,missingness,0.13833333333333334,0.0,0.13833333333333334,0.2,False,,,,,,,,,,2026-05-17
STDs:vaginal condylomatosis,missingness,0.13833333333333334,0.0,0.13833333333333334,0.2,False,,,,,,,,,,2026-05-17
STDs:vulvo-perineal condylomatosis,missingness,0.13833333333333334,0.0,0.13833333333333334,0.2,False,,,,,,,,,,2026-05-17
STDs:syphilis,missingness,0.13833333333333334,0.0,0.13833333333333334,0.2,False,,,,,,,,,,2026-05-17
STDs:pelvic inflammatory disease,missingness,0.13833333333333334,0.0,0.13833333333333334,0.2,False,,,,,,,,,,2026-05-17
STDs:genital herpes,missingness,0.13833333333333334,0.0,0.13833333333333334,0.2,False,,,,,,,,,,2026-05-17
STDs:molluscum contagiosum,missingness,0.13833333333333334,0.0,0.13833333333333334,0.2,False,,,,,,,,,,2026-05-17
STDs:AIDS,missingness,0.13833333333333334,0.0,0.13833333333333334,0.2,False,,,,,,,,,,2026-05-17
STDs:HIV,missingness,0.13833333333333334,0.0,0.13833333333333334,0.2,False,,,,,,,,,,2026-05-17
STDs:Hepatitis B,missingness,0.13833333333333334,0.0,0.13833333333333334,0.2,False,,,,,,,,,,2026-05-17
STDs:HPV,missingness,0.13833333333333334,0.0,0.13833333333333334,0.2,False,,,,,,,,,,2026-05-17
STDs: Number of diagnosis,missingness,0.0,0.0,0.0,0.2,False,,,,,,,,,,2026-05-17
STDs: Time since first diagnosis,missingness,0.9116666666666666,0.9444444444444444,0.032777777777777795,0.2,False,,,,,,,,,,2026-05-17
STDs: Time since last diagnosis,missingness,0.9116666666666666,0.9444444444444444,0.032777777777777795,0.2,False,,,,,,,,,,2026-05-17
Dx:Cancer,missingness,0.0,0.0,0.0,0.2,False,,,,,,,,,,2026-05-17
Dx:CIN,missingness,0.0,0.0,0.0,0.2,False,,,,,,,,,,2026-05-17
Dx:HPV,missingness,0.0,0.0,0.0,0.2,False,,,,,,,,,,2026-05-17
Dx,missingness,0.0,0.0,0.0,0.2,False,,,,,,,,,,2026-05-17
Age,numeric_mean_shift,,,0.158333333333335,16.536893207325036,False,26.841666666666665,27.0,8.268446603662518,2.0,evaluated,,,,,2026-05-17
Number of sexual partners,numeric_mean_shift,,,0.023408334174150003,2.8426416589727617,False,2.4939965694682678,2.4705882352941178,1.4213208294863808,2.0,evaluated,,,,,2026-05-17
First sexual intercourse,numeric_mean_shift,,,0.737860244769049,5.682685168240056,False,17.026845637583893,17.764705882352942,2.841342584120028,2.0,evaluated,,,,,2026-05-17
Num of pregnancies,numeric_mean_shift,,,0.22892069794169911,2.8898958042130354,False,2.2877442273534636,2.0588235294117645,1.4449479021065177,2.0,evaluated,,,,,2026-05-17
Smokes (years),numeric_mean_shift,,,0.7222160925566894,8.348377098938085,False,1.277771648112245,0.5555555555555556,4.174188549469043,2.0,evaluated,,,,,2026-05-17
Smokes (packs/year),numeric_mean_shift,,,0.11335207700170075,5.168814372783842,False,0.5300187436683674,0.4166666666666667,2.584407186391921,2.0,evaluated,,,,,2026-05-17
Hormonal Contraceptives (years),numeric_mean_shift,,,1.179085264435615,6.657269590848602,False,2.148561794387914,3.327647058823529,3.328634795424301,2.0,evaluated,,,,,2026-05-17
IUD (years),numeric_mean_shift,,,0.5380314960629922,3.8999663494184356,False,0.5380314960629922,0.0,1.9499831747092178,2.0,evaluated,,,,,2026-05-17
STDs (number),numeric_mean_shift,,,0.1301310982162046,1.1281255676643072,False,0.18568665377176016,0.05555555555555555,0.5640627838321536,2.0,evaluated,,,,,2026-05-17
STDs: Time since first diagnosis,numeric_mean_shift,,,1.2075471698113205,12.29357862754772,False,6.7924528301886795,8.0,6.14678931377386,2.0,evaluated,,,,,2026-05-17
STDs: Time since last diagnosis,numeric_mean_shift,,,1.5849056603773581,11.96426706915961,False,6.415094339622642,8.0,5.982133534579805,2.0,evaluated,,,,,2026-05-17
STDs: Number of diagnosis,numeric_mean_shift,,,0.037777777777777785,0.6264793288460052,False,0.09333333333333334,0.05555555555555555,0.3132396644230026,2.0,evaluated,,,,,2026-05-17
biopsy_positive_probability,prediction_score_shift,,,0.017300076295720723,0.4259344422100742,False,0.38458400504944135,0.40188408134516207,0.2129672211050371,2.0,evaluated,0.379600481873688,0.4060185232477316,0.654570413149166,0.4060185232477316,2026-05-17
Age,missingness,0.0,0.0,0.0,0.2,False,,,,,,,,,,2026-05-18
Number of sexual partners,missingness,0.028333333333333332,0.0,0.028333333333333332,0.2,False,,,,,,,,,,2026-05-18
First sexual intercourse,missingness,0.006666666666666667,0.0,0.006666666666666667,0.2,False,,,,,,,,,,2026-05-18
Num of pregnancies,missingness,0.06166666666666667,0.0,0.06166666666666667,0.2,False,,,,,,,,,,2026-05-18
Smokes,missingness,0.02,0.0,0.02,0.2,False,,,,,,,,,,2026-05-18
Smokes (years),missingness,0.02,0.0,0.02,0.2,False,,,,,,,,,,2026-05-18
Smokes (packs/year),missingness,0.02,0.0,0.02,0.2,False,,,,,,,,,,2026-05-18
Hormonal Contraceptives,missingness,0.145,0.1111111111111111,0.033888888888888885,0.2,False,,,,,,,,,,2026-05-18
Hormonal Contraceptives (years),missingness,0.145,0.1111111111111111,0.033888888888888885,0.2,False,,,,,,,,,,2026-05-18
IUD,missingness,0.15333333333333332,0.1111111111111111,0.04222222222222222,0.2,False,,,,,,,,,,2026-05-18
IUD (years),missingness,0.15333333333333332,0.1111111111111111,0.04222222222222222,0.2,False,,,,,,,,,,2026-05-18
STDs,missingness,0.13833333333333334,0.05555555555555555,0.08277777777777778,0.2,False,,,,,,,,,,2026-05-18
STDs (number),missingness,0.13833333333333334,0.05555555555555555,0.08277777777777778,0.2,False,,,,,,,,,,2026-05-18
STDs:condylomatosis,missingness,0.13833333333333334,0.05555555555555555,0.08277777777777778,0.2,False,,,,,,,,,,2026-05-18
STDs:cervical condylomatosis,missingness,0.13833333333333334,0.05555555555555555,0.08277777777777778,0.2,False,,,,,,,,,,2026-05-18
STDs:vaginal condylomatosis,missingness,0.13833333333333334,0.05555555555555555,0.08277777777777778,0.2,False,,,,,,,,,,2026-05-18
STDs:vulvo-perineal condylomatosis,missingness,0.13833333333333334,0.05555555555555555,0.08277777777777778,0.2,False,,,,,,,,,,2026-05-18
STDs:syphilis,missingness,0.13833333333333334,0.05555555555555555,0.08277777777777778,0.2,False,,,,,,,,,,2026-05-18
STDs:pelvic inflammatory disease,missingness,0.13833333333333334,0.05555555555555555,0.08277777777777778,0.2,False,,,,,,,,,,2026-05-18
STDs:genital herpes,missingness,0.13833333333333334,0.05555555555555555,0.08277777777777778,0.2,False,,,,,,,,,,2026-05-18
STDs:molluscum contagiosum,missingness,0.13833333333333334,0.05555555555555555,0.08277777777777778,0.2,False,,,,,,,,,,2026-05-18
STDs:AIDS,missingness,0.13833333333333334,0.05555555555555555,0.08277777777777778,0.2,False,,,,,,,,,,2026-05-18
STDs:HIV,missingness,0.13833333333333334,0.05555555555555555,0.08277777777777778,0.2,False,,,,,,,,,,2026-05-18
STDs:Hepatitis B,missingness,0.13833333333333334,0.05555555555555555,0.08277777777777778,0.2,False,,,,,,,,,,2026-05-18
STDs:HPV,missingness,0.13833333333333334,0.05555555555555555,0.08277777777777778,0.2,False,,,,,,,,,,2026-05-18
STDs: Number of diagnosis,missingness,0.0,0.0,0.0,0.2,False,,,,,,,,,,2026-05-18
STDs: Time since first diagnosis,missingness,0.9116666666666666,0.8333333333333334,0.07833333333333325,0.2,False,,,,,,,,,,2026-05-18
STDs: Time since last diagnosis,missingness,0.9116666666666666,0.8333333333333334,0.07833333333333325,0.2,False,,,,,,,,,,2026-05-18
Dx:Cancer,missingness,0.0,0.0,0.0,0.2,False,,,,,,,,,,2026-05-18
Dx:CIN,missingness,0.0,0.0,0.0,0.2,False,,,,,,,,,,2026-05-18
Dx:HPV,missingness,0.0,0.0,0.0,0.2,False,,,,,,,,,,2026-05-18
Dx,missingness,0.0,0.0,0.0,0.2,False,,,,,,,,,,2026-05-18
Age,numeric_mean_shift,,,2.9527777777777757,16.536893207325036,False,26.841666666666665,23.88888888888889,8.268446603662518,2.0,evaluated,,,,,2026-05-18
Number of sexual partners,numeric_mean_shift,,,0.1171145416428434,2.8426416589727617,False,2.4939965694682678,2.611111111111111,1.4213208294863808,2.0,evaluated,,,,,2026-05-18
First sexual intercourse,numeric_mean_shift,,,0.026845637583893023,5.682685168240056,False,17.026845637583893,17.0,2.841342584120028,2.0,evaluated,,,,,2026-05-18
Num of pregnancies,numeric_mean_shift,,,0.3432997829090192,2.8898958042130354,False,2.2877442273534636,1.9444444444444444,1.4449479021065177,2.0,evaluated,,,,,2026-05-18
Smokes (years),numeric_mean_shift,,,0.6369968804455783,8.348377098938085,False,1.277771648112245,0.6407747676666666,4.174188549469043,2.0,evaluated,,,,,2026-05-18
Smokes (packs/year),numeric_mean_shift,,,0.40281838905170075,5.168814372783842,False,0.5300187436683674,0.12720035461666665,2.584407186391921,2.0,evaluated,,,,,2026-05-18
Hormonal Contraceptives (years),numeric_mean_shift,,,0.636549261825414,6.657269590848602,False,2.148561794387914,1.5120125325625,3.328634795424301,2.0,evaluated,,,,,2026-05-18
IUD (years),numeric_mean_shift,,,0.5380314960629922,3.8999663494184356,False,0.5380314960629922,0.0,1.9499831747092178,2.0,evaluated,,,,,2026-05-18
STDs (number),numeric_mean_shift,,,0.22607805211059276,1.1281255676643072,False,0.18568665377176016,0.4117647058823529,0.5640627838321536,2.0,evaluated,,,,,2026-05-18
STDs: Time since first diagnosis,numeric_mean_shift,,,4.7924528301886795,12.29357862754772,False,6.7924528301886795,2.0,6.14678931377386,2.0,evaluated,,,,,2026-05-18
STDs: Time since last diagnosis,numeric_mean_shift,,,4.415094339622642,11.96426706915961,False,6.415094339622642,2.0,5.982133534579805,2.0,evaluated,,,,,2026-05-18
STDs: Number of diagnosis,numeric_mean_shift,,,0.07333333333333332,0.6264793288460052,False,0.09333333333333334,0.16666666666666666,0.3132396644230026,2.0,evaluated,,,,,2026-05-18
biopsy_positive_probability,prediction_score_shift,,,0.025065406013466685,0.4259344422100742,False,0.38458400504944135,0.40964941106290803,0.2129672211050371,2.0,evaluated,0.379600481873688,0.4060185232477316,0.654570413149166,0.6700769213778235,2026-05-18
Age,missingness,0.0,0.0,0.0,0.2,False,,,,,,,,,,2026-05-19
Number of sexual partners,missingness,0.028333333333333332,0.05555555555555555,0.02722222222222222,0.2,False,,,,,,,,,,2026-05-19
First sexual intercourse,missingness,0.006666666666666667,0.05555555555555555,0.048888888888888885,0.2,False,,,,,,,,,,2026-05-19
Num of pregnancies,missingness,0.06166666666666667,0.1111111111111111,0.04944444444444444,0.2,False,,,,,,,,,,2026-05-19
Smokes,missingness,0.02,0.05555555555555555,0.03555555555555555,0.2,False,,,,,,,,,,2026-05-19
Smokes (years),missingness,0.02,0.05555555555555555,0.03555555555555555,0.2,False,,,,,,,,,,2026-05-19
Smokes (packs/year),missingness,0.02,0.05555555555555555,0.03555555555555555,0.2,False,,,,,,,,,,2026-05-19
Hormonal Contraceptives,missingness,0.145,0.05555555555555555,0.08944444444444444,0.2,False,,,,,,,,,,2026-05-19
Hormonal Contraceptives (years),missingness,0.145,0.05555555555555555,0.08944444444444444,0.2,False,,,,,,,,,,2026-05-19
IUD,missingness,0.15333333333333332,0.05555555555555555,0.09777777777777777,0.2,False,,,,,,,,,,2026-05-19
IUD (years),missingness,0.15333333333333332,0.05555555555555555,0.09777777777777777,0.2,False,,,,,,,,,,2026-05-19
STDs,missingness,0.13833333333333334,0.05555555555555555,0.08277777777777778,0.2,False,,,,,,,,,,2026-05-19
STDs (number),missingness,0.13833333333333334,0.05555555555555555,0.08277777777777778,0.2,False,,,,,,,,,,2026-05-19
STDs:condylomatosis,missingness,0.13833333333333334,0.05555555555555555,0.08277777777777778,0.2,False,,,,,,,,,,2026-05-19
STDs:cervical condylomatosis,missingness,0.13833333333333334,0.05555555555555555,0.08277777777777778,0.2,False,,,,,,,,,,2026-05-19
STDs:vaginal condylomatosis,missingness,0.13833333333333334,0.05555555555555555,0.08277777777777778,0.2,False,,,,,,,,,,2026-05-19
STDs:vulvo-perineal condylomatosis,missingness,0.13833333333333334,0.05555555555555555,0.08277777777777778,0.2,False,,,,,,,,,,2026-05-19
STDs:syphilis,missingness,0.13833333333333334,0.05555555555555555,0.08277777777777778,0.2,False,,,,,,,,,,2026-05-19
STDs:pelvic inflammatory disease,missingness,0.13833333333333334,0.05555555555555555,0.08277777777777778,0.2,False,,,,,,,,,,2026-05-19
STDs:genital herpes,missingness,0.13833333333333334,0.05555555555555555,0.08277777777777778,0.2,False,,,,,,,,,,2026-05-19
STDs:molluscum contagiosum,missingness,0.13833333333333334,0.05555555555555555,0.08277777777777778,0.2,False,,,,,,,,,,2026-05-19
STDs:AIDS,missingness,0.13833333333333334,0.05555555555555555,0.08277777777777778,0.2,False,,,,,,,,,,2026-05-19
STDs:HIV,missingness,0.13833333333333334,0.05555555555555555,0.08277777777777778,0.2,False,,,,,,,,,,2026-05-19
STDs:Hepatitis B,missingness,0.13833333333333334,0.05555555555555555,0.08277777777777778,0.2,False,,,,,,,,,,2026-05-19
STDs:HPV,missingness,0.13833333333333334,0.05555555555555555,0.08277777777777778,0.2,False,,,,,,,,,,2026-05-19
STDs: Number of diagnosis,missingness,0.0,0.0,0.0,0.2,False,,,,,,,,,,2026-05-19
STDs: Time since first diagnosis,missingness,0.9116666666666666,0.7777777777777778,0.13388888888888884,0.2,False,,,,,,,,,,2026-05-19
STDs: Time since last diagnosis,missingness,0.9116666666666666,0.7777777777777778,0.13388888888888884,0.2,False,,,,,,,,,,2026-05-19
Dx:Cancer,missingness,0.0,0.0,0.0,0.2,False,,,,,,,,,,2026-05-19
Dx:CIN,missingness,0.0,0.0,0.0,0.2,False,,,,,,,,,,2026-05-19
Dx:HPV,missingness,0.0,0.0,0.0,0.2,False,,,,,,,,,,2026-05-19
Dx,missingness,0.0,0.0,0.0,0.2,False,,,,,,,,,,2026-05-19
Age,numeric_mean_shift,,,2.008333333333333,16.536893207325036,False,26.841666666666665,24.833333333333332,8.268446603662518,2.0,evaluated,,,,,2026-05-19
Number of sexual partners,numeric_mean_shift,,,0.035415195237614494,2.8426416589727617,False,2.4939965694682678,2.5294117647058822,1.4213208294863808,2.0,evaluated,,,,,2026-05-19
First sexual intercourse,numeric_mean_shift,,,1.3797868140544818,5.682685168240056,False,17.026845637583893,15.647058823529411,2.841342584120028,2.0,evaluated,,,,,2026-05-19
Num of pregnancies,numeric_mean_shift,,,0.08725577264653639,2.8898958042130354,False,2.2877442273534636,2.375,1.4449479021065177,2.0,evaluated,,,,,2026-05-19
Smokes (years),numeric_mean_shift,,,0.277771648112245,8.348377098938085,False,1.277771648112245,1.0,4.174188549469043,2.0,evaluated,,,,,2026-05-19
Smokes (packs/year),numeric_mean_shift,,,0.33884227308013215,5.168814372783842,False,0.5300187436683674,0.19117647058823528,2.584407186391921,2.0,evaluated,,,,,2026-05-19
Hormonal Contraceptives (years),numeric_mean_shift,,,0.6291500296820318,6.657269590848602,False,2.148561794387914,1.5194117647058822,3.328634795424301,2.0,evaluated,,,,,2026-05-19
IUD (years),numeric_mean_shift,,,0.8149096804075961,3.8999663494184356,False,0.5380314960629922,1.3529411764705883,1.9499831747092178,2.0,evaluated,,,,,2026-05-19
STDs (number),numeric_mean_shift,,,0.28490158152235745,1.1281255676643072,False,0.18568665377176016,0.47058823529411764,0.5640627838321536,2.0,evaluated,,,,,2026-05-19
STDs: Time since first diagnosis,numeric_mean_shift,,,3.7924528301886795,12.29357862754772,False,6.7924528301886795,3.0,6.14678931377386,2.0,evaluated,,,,,2026-05-19
STDs: Time since last diagnosis,numeric_mean_shift,,,4.165094339622642,11.96426706915961,False,6.415094339622642,2.25,5.982133534579805,2.0,evaluated,,,,,2026-05-19
STDs: Number of diagnosis,numeric_mean_shift,,,0.18444444444444447,0.6264793288460052,False,0.09333333333333334,0.2777777777777778,0.3132396644230026,2.0,evaluated,,,,,2026-05-19
biopsy_positive_probability,prediction_score_shift,,,0.08294623432704884,0.4259344422100742,False,0.38458400504944135,0.4675302393764902,0.2129672211050371,2.0,evaluated,0.379600481873688,0.4060185232477316,0.654570413149166,0.7152653024196032,2026-05-19
Age,missingness,0.0,0.0,0.0,0.2,False,,,,,,,,,,2026-05-20
Number of sexual partners,missingness,0.028333333333333332,0.05555555555555555,0.02722222222222222,0.2,False,,,,,,,,,,2026-05-20
First sexual intercourse,missingness,0.006666666666666667,0.0,0.006666666666666667,0.2,False,,,,,,,,,,2026-05-20
Num of pregnancies,missingness,0.06166666666666667,0.2222222222222222,0.16055555555555553,0.2,False,,,,,,,,,,2026-05-20
Smokes,missingness,0.02,0.0,0.02,0.2,False,,,,,,,,,,2026-05-20
Smokes (years),missingness,0.02,0.0,0.02,0.2,False,,,,,,,,,,2026-05-20
Smokes (packs/year),missingness,0.02,0.0,0.02,0.2,False,,,,,,,,,,2026-05-20
Hormonal Contraceptives,missingness,0.145,0.1111111111111111,0.033888888888888885,0.2,False,,,,,,,,,,2026-05-20
Hormonal Contraceptives (years),missingness,0.145,0.1111111111111111,0.033888888888888885,0.2,False,,,,,,,,,,2026-05-20
IUD,missingness,0.15333333333333332,0.1111111111111111,0.04222222222222222,0.2,False,,,,,,,,,,2026-05-20
IUD (years),missingness,0.15333333333333332,0.1111111111111111,0.04222222222222222,0.2,False,,,,,,,,,,2026-05-20
STDs,missingness,0.13833333333333334,0.1111111111111111,0.02722222222222223,0.2,False,,,,,,,,,,2026-05-20
STDs (number),missingness,0.13833333333333334,0.1111111111111111,0.02722222222222223,0.2,False,,,,,,,,,,2026-05-20
STDs:condylomatosis,missingness,0.13833333333333334,0.1111111111111111,0.02722222222222223,0.2,False,,,,,,,,,,2026-05-20
STDs:cervical condylomatosis,missingness,0.13833333333333334,0.1111111111111111,0.02722222222222223,0.2,False,,,,,,,,,,2026-05-20
STDs:vaginal condylomatosis,missingness,0.13833333333333334,0.1111111111111111,0.02722222222222223,0.2,False,,,,,,,,,,2026-05-20
STDs:vulvo-perineal condylomatosis,missingness,0.13833333333333334,0.1111111111111111,0.02722222222222223,0.2,False,,,,,,,,,,2026-05-20
STDs:syphilis,missingness,0.13833333333333334,0.1111111111111111,0.02722222222222223,0.2,False,,,,,,,,,,2026-05-20
STDs:pelvic inflammatory disease,missingness,0.13833333333333334,0.1111111111111111,0.02722222222222223,0.2,False,,,,,,,,,,2026-05-20
STDs:genital herpes,missingness,0.13833333333333334,0.1111111111111111,0.02722222222222223,0.2,False,,,,,,,,,,2026-05-20
STDs:molluscum contagiosum,missingness,0.13833333333333334,0.1111111111111111,0.02722222222222223,0.2,False,,,,,,,,,,2026-05-20
STDs:AIDS,missingness,0.13833333333333334,0.1111111111111111,0.02722222222222223,0.2,False,,,,,,,,,,2026-05-20
STDs:HIV,missingness,0.13833333333333334,0.1111111111111111,0.02722222222222223,0.2,False,,,,,,,,,,2026-05-20
STDs:Hepatitis B,missingness,0.13833333333333334,0.1111111111111111,0.02722222222222223,0.2,False,,,,,,,,,,2026-05-20
STDs:HPV,missingness,0.13833333333333334,0.1111111111111111,0.02722222222222223,0.2,False,,,,,,,,,,2026-05-20
STDs: Number of diagnosis,missingness,0.0,0.0,0.0,0.2,False,,,,,,,,,,2026-05-20
STDs: Time since first diagnosis,missingness,0.9116666666666666,1.0,0.08833333333333337,0.2,False,,,,,,,,,,2026-05-20
STDs: Time since last diagnosis,missingness,0.9116666666666666,1.0,0.08833333333333337,0.2,False,,,,,,,,,,2026-05-20
Dx:Cancer,missingness,0.0,0.0,0.0,0.2,False,,,,,,,,,,2026-05-20
Dx:CIN,missingness,0.0,0.0,0.0,0.2,False,,,,,,,,,,2026-05-20
Dx:HPV,missingness,0.0,0.0,0.0,0.2,False,,,,,,,,,,2026-05-20
Dx,missingness,0.0,0.0,0.0,0.2,False,,,,,,,,,,2026-05-20
Age,numeric_mean_shift,,,2.2305555555555543,16.536893207325036,False,26.841666666666665,24.61111111111111,8.268446603662518,2.0,evaluated,,,,,2026-05-20
Number of sexual partners,numeric_mean_shift,,,1.5060034305317322,2.8426416589727617,False,2.4939965694682678,4.0,1.4213208294863808,2.0,evaluated,,,,,2026-05-20
First sexual intercourse,numeric_mean_shift,,,0.5842654735272177,5.682685168240056,False,17.026845637583893,17.61111111111111,2.841342584120028,2.0,evaluated,,,,,2026-05-20
Num of pregnancies,numeric_mean_shift,,,0.7163156559248922,2.8898958042130354,False,2.2877442273534636,1.5714285714285714,1.4449479021065177,2.0,evaluated,,,,,2026-05-20
Smokes (years),numeric_mean_shift,,,0.2777839074433106,8.348377098938085,False,1.277771648112245,1.5555555555555556,4.174188549469043,2.0,evaluated,,,,,2026-05-20
Smokes (packs/year),numeric_mean_shift,,,0.04668541033503415,5.168814372783842,False,0.5300187436683674,0.4833333333333333,2.584407186391921,2.0,evaluated,,,,,2026-05-20
Hormonal Contraceptives (years),numeric_mean_shift,,,0.7735617943879141,6.657269590848602,False,2.148561794387914,1.375,3.328634795424301,2.0,evaluated,,,,,2026-05-20
IUD (years),numeric_mean_shift,,,0.5380314960629922,3.8999663494184356,False,0.5380314960629922,0.0,1.9499831747092178,2.0,evaluated,,,,,2026-05-20
STDs (number),numeric_mean_shift,,,0.18568665377176016,1.1281255676643072,False,0.18568665377176016,0.0,0.5640627838321536,2.0,evaluated,,,,,2026-05-20
STDs: Time since first diagnosis,numeric_mean_shift,,,,,False,6.7924528301886795,,6.14678931377386,2.0,not_evaluated,,,,,2026-05-20
STDs: Time since last diagnosis,numeric_mean_shift,,,,,False,6.415094339622642,,5.982133534579805,2.0,not_evaluated,,,,,2026-05-20
STDs: Number of diagnosis,numeric_mean_shift,,,0.09333333333333334,0.6264793288460052,False,0.09333333333333334,0.0,0.3132396644230026,2.0,evaluated,,,,,2026-05-20
biopsy_positive_probability,prediction_score_shift,,,0.022104435457049487,0.4259344422100742,False,0.38458400504944135,0.36247956959239186,0.2129672211050371,2.0,evaluated,0.379600481873688,0.4060185232477316,0.654570413149166,0.4060185232477316,2026-05-20
Age,missingness,0.0,0.0,0.0,0.2,False,,,,,,,,,,2026-05-21
Number of sexual partners,missingness,0.028333333333333332,0.1111111111111111,0.08277777777777777,0.2,False,,,,,,,,,,2026-05-21
First sexual intercourse,missingness,0.006666666666666667,0.0,0.006666666666666667,0.2,False,,,,,,,,,,2026-05-21
Num of pregnancies,missingness,0.06166666666666667,0.05555555555555555,0.006111111111111116,0.2,False,,,,,,,,,,2026-05-21
Smokes,missingness,0.02,0.0,0.02,0.2,False,,,,,,,,,,2026-05-21
Smokes (years),missingness,0.02,0.0,0.02,0.2,False,,,,,,,,,,2026-05-21
Smokes (packs/year),missingness,0.02,0.0,0.02,0.2,False,,,,,,,,,,2026-05-21
Hormonal Contraceptives,missingness,0.145,0.2777777777777778,0.1327777777777778,0.2,False,,,,,,,,,,2026-05-21
Hormonal Contraceptives (years),missingness,0.145,0.2777777777777778,0.1327777777777778,0.2,False,,,,,,,,,,2026-05-21
IUD,missingness,0.15333333333333332,0.2777777777777778,0.12444444444444447,0.2,False,,,,,,,,,,2026-05-21
IUD (years),missingness,0.15333333333333332,0.2777777777777778,0.12444444444444447,0.2,False,,,,,,,,,,2026-05-21
STDs,missingness,0.13833333333333334,0.2777777777777778,0.13944444444444445,0.2,False,,,,,,,,,,2026-05-21
STDs (number),missingness,0.13833333333333334,0.2777777777777778,0.13944444444444445,0.2,False,,,,,,,,,,2026-05-21
STDs:condylomatosis,missingness,0.13833333333333334,0.2777777777777778,0.13944444444444445,0.2,False,,,,,,,,,,2026-05-21
STDs:cervical condylomatosis,missingness,0.13833333333333334,0.2777777777777778,0.13944444444444445,0.2,False,,,,,,,,,,2026-05-21
STDs:vaginal condylomatosis,missingness,0.13833333333333334,0.2777777777777778,0.13944444444444445,0.2,False,,,,,,,,,,2026-05-21
STDs:vulvo-perineal condylomatosis,missingness,0.13833333333333334,0.2777777777777778,0.13944444444444445,0.2,False,,,,,,,,,,2026-05-21
STDs:syphilis,missingness,0.13833333333333334,0.2777777777777778,0.13944444444444445,0.2,False,,,,,,,,,,2026-05-21
STDs:pelvic inflammatory disease,missingness,0.13833333333333334,0.2777777777777778,0.13944444444444445,0.2,False,,,,,,,,,,2026-05-21
STDs:genital herpes,missingness,0.13833333333333334,0.2777777777777778,0.13944444444444445,0.2,False,,,,,,,,,,2026-05-21
STDs:molluscum contagiosum,missingness,0.13833333333333334,0.2777777777777778,0.13944444444444445,0.2,False,,,,,,,,,,2026-05-21
STDs:AIDS,missingness,0.13833333333333334,0.2777777777777778,0.13944444444444445,0.2,False,,,,,,,,,,2026-05-21
STDs:HIV,missingness,0.13833333333333334,0.2777777777777778,0.13944444444444445,0.2,False,,,,,,,,,,2026-05-21
STDs:Hepatitis B,missingness,0.13833333333333334,0.2777777777777778,0.13944444444444445,0.2,False,,,,,,,,,,2026-05-21
STDs:HPV,missingness,0.13833333333333334,0.2777777777777778,0.13944444444444445,0.2,False,,,,,,,,,,2026-05-21
STDs: Number of diagnosis,missingness,0.0,0.0,0.0,0.2,False,,,,,,,,,,2026-05-21
STDs: Time since first diagnosis,missingness,0.9116666666666666,0.9444444444444444,0.032777777777777795,0.2,False,,,,,,,,,,2026-05-21
STDs: Time since last diagnosis,missingness,0.9116666666666666,0.9444444444444444,0.032777777777777795,0.2,False,,,,,,,,,,2026-05-21
Dx:Cancer,missingness,0.0,0.0,0.0,0.2,False,,,,,,,,,,2026-05-21
Dx:CIN,missingness,0.0,0.0,0.0,0.2,False,,,,,,,,,,2026-05-21
Dx:HPV,missingness,0.0,0.0,0.0,0.2,False,,,,,,,,,,2026-05-21
Dx,missingness,0.0,0.0,0.0,0.2,False,,,,,,,,,,2026-05-21
Age,numeric_mean_shift,,,0.5472222222222243,16.536893207325036,False,26.841666666666665,27.38888888888889,8.268446603662518,2.0,evaluated,,,,,2026-05-21
Number of sexual partners,numeric_mean_shift,,,0.18149656946826775,2.8426416589727617,False,2.4939965694682678,2.3125,1.4213208294863808,2.0,evaluated,,,,,2026-05-21
First sexual intercourse,numeric_mean_shift,,,0.0842654735272177,5.682685168240056,False,17.026845637583893,17.11111111111111,2.841342584120028,2.0,evaluated,,,,,2026-05-21
Num of pregnancies,numeric_mean_shift,,,0.0651969491171247,2.8898958042130354,False,2.2877442273534636,2.3529411764705883,1.4449479021065177,2.0,evaluated,,,,,2026-05-21
Smokes (years),numeric_mean_shift,,,1.2073842642789117,8.348377098938085,False,1.277771648112245,0.07038738383333333,4.174188549469043,2.0,evaluated,,,,,2026-05-21
Smokes (packs/year),numeric_mean_shift,,,0.5015075143517007,5.168814372783842,False,0.5300187436683674,0.028511229316666664,2.584407186391921,2.0,evaluated,,,,,2026-05-21
Hormonal Contraceptives (years),numeric_mean_shift,,,0.39856179438791406,6.657269590848602,False,2.148561794387914,1.75,3.328634795424301,2.0,evaluated,,,,,2026-05-21
IUD (years),numeric_mean_shift,,,0.17966081162931558,3.8999663494184356,False,0.5380314960629922,0.7176923076923077,1.9499831747092178,2.0,evaluated,,,,,2026-05-21
STDs (number),numeric_mean_shift,,,0.10876357684868324,1.1281255676643072,False,0.18568665377176016,0.07692307692307693,0.5640627838321536,2.0,evaluated,,,,,2026-05-21
STDs: Time since first diagnosis,numeric_mean_shift,,,0.2075471698113205,12.29357862754772,False,6.7924528301886795,7.0,6.14678931377386,2.0,evaluated,,,,,2026-05-21
STDs: Time since last diagnosis,numeric_mean_shift,,,0.5849056603773581,11.96426706915961,False,6.415094339622642,7.0,5.982133534579805,2.0,evaluated,,,,,2026-05-21
STDs: Number of diagnosis,numeric_mean_shift,,,0.037777777777777785,0.6264793288460052,False,0.09333333333333334,0.05555555555555555,0.3132396644230026,2.0,evaluated,,,,,2026-05-21
biopsy_positive_probability,prediction_score_shift,,,0.0638499439927932,0.4259344422100742,False,0.38458400504944135,0.32073406105664815,0.2129672211050371,2.0,evaluated,0.379600481873688,0.4060185232477316,0.654570413149166,0.5958030834509767,2026-05-21
